package	version	architecture	installed_size_kib	file_size_bytes	sha256	filename
at-spi2-common	2.56.2-1+deb13u1	all	1348	170764	a86824c3f70c8ba4fb8243603208529692c066d9def2f61875cc03414b294bae	at-spi2-common_2.56.2-1+deb13u1_all.deb
fontconfig	2.15.0-2.3	amd64	681	463312	09794b188e042c90b4a89fcb5afeb276bc231b74ddf8a3efbbc7dfb6f0eac4cb	fontconfig_2.15.0-2.3_amd64.deb
fontconfig-config	2.15.0-2.3	amd64	533	318308	0475c00d02660c07a15085051818625331bb502e053242106aaaa1f2ddb41225	fontconfig-config_2.15.0-2.3_amd64.deb
fonts-dejavu-core	2.37-8	all	2292	840460	86635b3d25b3655fc11cb3ecc3af59f0bf19643b02b94f2de48bd10253cdba12	fonts-dejavu-core_2.37-8_all.deb
fonts-dejavu-mono	2.37-8	all	1281	488808	3003e98a5debfdeadc7040a7f715fe9fe6fb67f68deacf6049b54e30f07fc014	fonts-dejavu-mono_2.37-8_all.deb
fonts-freefont-ttf	20211204+svn4273-2	all	14460	5317872	50a67936694189a3609080f81afc14d49642dab37c1999328383fc7797174fdf	fonts-freefont-ttf_20211204+svn4273-2_all.deb
fonts-ipafont-gothic	00303-23	all	12223	3514948	5f8e0270654fec6577fffa96015067352440065c0b49bbc8b076745a6b4bf3d3	fonts-ipafont-gothic_00303-23_all.deb
fonts-liberation	1:2.1.5-3	all	4287	1475396	3d5c47480067b9615f6bf9b0eda6eefcab9d837af609827015445e8e759b5b8c	fonts-liberation_1%3a2.1.5-3_all.deb
fonts-noto-color-emoji	2.051-0+deb13u1	all	11013	10110428	03141cd51c0e9ff8ad858fcf2d8234f8a00ae4d7a0872df43a71519359c54e8c	fonts-noto-color-emoji_2.051-0+deb13u1_all.deb
fonts-tlwg-loma-otf	1:0.7.3-1	all	264	147048	a775452dfa77de3176bbb2b06f1fa61d5a95177a74a460a768ae82940e9407fc	fonts-tlwg-loma-otf_1%3a0.7.3-1_all.deb
fonts-unifont	1:15.1.01-1	all	32521	2211300	867d447c9b4b139a13c07d27b4f48df4d22e1ef21d29ff5e468a796fd9f2c635	fonts-unifont_1%3a15.1.01-1_all.deb
fonts-wqy-zenhei	0.9.45-8	all	16434	7478908	cfed2c29164ff2f133e40ed2046610b172b8618d174840936ac4ec9b6fd668e7	fonts-wqy-zenhei_0.9.45-8_all.deb
libasound2-data	1.2.14-1	all	196	21092	fe973f6467a6fc553ead004bd5aebfea4eb45c5da827cd3fb32650d9672ac947	libasound2-data_1.2.14-1_all.deb
libasound2t64	1.2.14-1	amd64	1264	381012	f03a2bd9d234f4e6d283c36520d66befd0952d6f5ba454badd8fae2305ad70a1	libasound2t64_1.2.14-1_amd64.deb
libatk-bridge2.0-0t64	2.56.2-1+deb13u1	amd64	280	68440	75a0258ccf7f1aa038e6da50779790dc53d8bd20c525356548056a59b3e4735b	libatk-bridge2.0-0t64_2.56.2-1+deb13u1_amd64.deb
libatk1.0-0t64	2.56.2-1+deb13u1	amd64	206	51976	34d443a2927f53d87daf918e342cb40c937d58df5352df5dab3a6cae1dba81f8	libatk1.0-0t64_2.56.2-1+deb13u1_amd64.deb
libatspi2.0-0t64	2.56.2-1+deb13u1	amd64	279	80680	2f79dc0e8117b07ae0e0cd373079d4f383a6ec701a2ffcc0b085216dc4abea52	libatspi2.0-0t64_2.56.2-1+deb13u1_amd64.deb
libavahi-client3	0.8-16	amd64	119	48384	27df3f1c0190d13ec6d014c5515c2ec8e9a49d0983f48fc9e5756ee4e62d7e37	libavahi-client3_0.8-16_amd64.deb
libavahi-common-data	0.8-16	amd64	760	112284	a3c0cb1326ed60cbbef133c31af28759f7a922d886d001a138d52bbf0af908d6	libavahi-common-data_0.8-16_amd64.deb
libavahi-common3	0.8-16	amd64	96	44224	fb092fc55f1c7f3db0ac64467f30ebae8145543570b8e99f17ce84cf1dd28bb6	libavahi-common3_0.8-16_amd64.deb
libbrotli1	1.1.0-2+b7	amd64	870	306624	0fb79f88db210afbd69282ab9649e525f393ec6950ca34da1a6b359250b8d7db	libbrotli1_1.1.0-2+b7_amd64.deb
libcairo2	1.18.4-1+b1	amd64	1391	537556	01390b049661e4cc8bd39cef78b41c2587d4035619d3b00d6c7846f43d80bbba	libcairo2_1.18.4-1+b1_amd64.deb
libcom-err2	1.47.2-3+b11	amd64	64	25036	e1feff126b3e8b3a7b18087e88681469b70d8f6d1b7c4e4b89d98577e1a2fdd7	libcom-err2_1.47.2-3+b11_amd64.deb
libcups2t64	2.4.10-3+deb13u2	amd64	700	251548	278c57da32afceec1f406869e790b29f40c75b02bb8e512dd903d5a5264df9d2	libcups2t64_2.4.10-3+deb13u2_amd64.deb
libdatrie1	0.2.13-3+b1	amd64	77	38132	339eb88f23d72b8f0b7b1aebcefbab6de600d97b88bc6222dd8aad11d2ca9051	libdatrie1_0.2.13-3+b1_amd64.deb
libdbus-1-3	1.16.2-2	amd64	445	177904	bbcb711daff7e104b5f80f9b05475b6142674bfe65518a36a56e96a91068a3f5	libdbus-1-3_1.16.2-2_amd64.deb
libdrm-amdgpu1	2.4.124-2	amd64	81	22632	c1d97a5e32e2bc68e833b8abeae026b6306198e87ee4396a7ffecd4779caefbf	libdrm-amdgpu1_2.4.124-2_amd64.deb
libdrm-common	2.4.124-2	all	45	8288	9a8a6c65c165e9964f106fb4ac710959b5d33e0790227e3ab6b27c4742d1254a	libdrm-common_2.4.124-2_all.deb
libdrm-intel1	2.4.124-2	amd64	182	64104	188ab1fd74c838b3c8055d62107351e16a4bb7a25d39c30bbb9aac30ddd37238	libdrm-intel1_2.4.124-2_amd64.deb
libdrm2	2.4.124-2	amd64	128	39032	fe2276901c7cd7b8079de63072d37fe1cbeb4eb001a3bc1f1d662ad89aa0890e	libdrm2_2.4.124-2_amd64.deb
libedit2	3.1-20250104-1	amd64	262	93832	b002ea172b9c1e34a67bc497c523c67bb74c3f0a4e98113cb083990a1f1d3bfe	libedit2_3.1-20250104-1_amd64.deb
libelf1t64	0.192-4	amd64	1228	189408	94497b7e17b6f574a0605b380d454e20d3f01a9c63b70c2a2263f679d30053e1	libelf1t64_0.192-4_amd64.deb
libexpat1	2.7.1-2	amd64	400	108204	f875f56675be5b074da877f9a93b09d47dc2eb4e679951d36e2943b8d4843344	libexpat1_2.7.1-2_amd64.deb
libffi8	3.4.8-2	amd64	72	24144	0ebdc340de33333639c3c63874cd4b15ac2e83dfa1ef3053b7eefaf4919f4f68	libffi8_3.4.8-2_amd64.deb
libfontconfig1	2.15.0-2.3	amd64	592	391576	7ae91ec59857cc8e375eb2bdd371a4a69daea38f7787d06d474a847867d852b1	libfontconfig1_2.15.0-2.3_amd64.deb
libfontenc1	1:1.1.8-1+b2	amd64	59	23328	49f7330e1bbe3f48946fee5c07870df660374f9f77b378840d6edf1a3b3444cd	libfontenc1_1%3a1.1.8-1+b2_amd64.deb
libfreetype6	2.13.3+dfsg-1+deb13u1	amd64	963	452308	e4947f3291528f03d574f2b01d5c5fc45c58c47480f32888a5cdf0f231ab584e	libfreetype6_2.13.3+dfsg-1+deb13u1_amd64.deb
libfribidi0	1.0.16-1	amd64	146	26484	f8c35ec8606d0843bd3cf020c6cfa39ddfe717ec58ed826b5855ba9927eb0d55	libfribidi0_1.0.16-1_amd64.deb
libgbm1	25.0.7-2+deb13u1	amd64	128	44592	31fb6d76b9ceaf13848fa617df53f85f62626b4fe7464a93811c720af6d5f2dd	libgbm1_25.0.7-2+deb13u1_amd64.deb
libgl1	1.7.0-1+b2	amd64	653	89504	87fa2f6e5abaed4ed385fac879c8dd735af719ee2300222d901793c66e041678	libgl1_1.7.0-1+b2_amd64.deb
libgl1-mesa-dri	25.0.7-2+deb13u1	amd64	241	46240	722fad9944bdfd29eb6421576331a2697f83bc4b3551d693edb7aefdde6bb198	libgl1-mesa-dri_25.0.7-2+deb13u1_amd64.deb
libglib2.0-0t64	2.84.4-3~deb13u3	amd64	4448	1518888	e7bc3813fa7effa8bbd0d5547e6198ba18f53f5e79d305b8c34e8dce27f6c454	libglib2.0-0t64_2.84.4-3~deb13u3_amd64.deb
libglvnd0	1.7.0-1+b2	amd64	733	51960	887f74008166549ce9e100c906aa937e95d6e5ce1c8d86efe8c95fd953359b9c	libglvnd0_1.7.0-1+b2_amd64.deb
libglx-mesa0	25.0.7-2+deb13u1	amd64	516	143408	2e6ab57de9931e890621d3ade04213b06e7142a4ae8a72a1756c44d0271aaeb7	libglx-mesa0_25.0.7-2+deb13u1_amd64.deb
libglx0	1.7.0-1+b2	amd64	163	34892	2721fdca0fe3bd963cb39482eabc253af52b88f4a7f6dbb69e475549daf5af3b	libglx0_1.7.0-1+b2_amd64.deb
libgnutls30t64	3.8.9-3+deb13u4	amd64	3504	1469024	18a8bdfd91c7e3bcb01719d55a2b56849c7160b34f1f52b1c4fdfdd41bf1352b	libgnutls30t64_3.8.9-3+deb13u4_amd64.deb
libgraphite2-3	1.3.14-2+deb13u1	amd64	191	75172	1769ba3ed3c1fc75b7fbe02678e32aa24391205813eceef4e1e3500015d12ee3	libgraphite2-3_1.3.14-2+deb13u1_amd64.deb
libgssapi-krb5-2	1.21.3-5+deb13u1	amd64	434	138356	30847c1fde4240567d7ed3aeab4f655dd591203758b857e85e824045aae70299	libgssapi-krb5-2_1.21.3-5+deb13u1_amd64.deb
libharfbuzz0b	10.2.0-1+deb13u1	amd64	1346	478952	932165b933e5eb633293afe984a983ebe89cb27c923ce7208626f1da6c0c7941	libharfbuzz0b_10.2.0-1+deb13u1_amd64.deb
libice6	2:1.1.1-1	amd64	142	65376	38185997162793b5dfb768644badc57852879784a2f9d83c6c4e47efa5e36698	libice6_2%3a1.1.1-1_amd64.deb
libidn2-0	2.3.8-2	amd64	446	109096	90b039bcdc4578f8e1c4935adf8dbb525e36a164deefdbbb8c45bac347d48278	libidn2-0_2.3.8-2_amd64.deb
libk5crypto3	1.21.3-5+deb13u1	amd64	266	81152	7da07ee674b47f1f0be7cc89317c25310086a1f1761217d0f72e6ae2c5a69b84	libk5crypto3_1.21.3-5+deb13u1_amd64.deb
libkeyutils1	1.6.3-6	amd64	41	9456	0b11ad17be0300b63ad4eeb4c6450fed24d34b7b740f23e5363dcb29ee6d5eba	libkeyutils1_1.6.3-6_amd64.deb
libkrb5-3	1.21.3-5+deb13u1	amd64	1074	326056	47d71d6a7f2e59b9bae5f89602397594805113b95889ad18fa703cd53abafc97	libkrb5-3_1.21.3-5+deb13u1_amd64.deb
libkrb5support0	1.21.3-5+deb13u1	amd64	137	33124	3a0acd8b37955c0e102c756b52c97df2a31f67b96453c35dab70df218d309117	libkrb5support0_1.21.3-5+deb13u1_amd64.deb
libllvm19	1:19.1.7-3+b1	amd64	126696	25978316	db0d614d61345ca710fb73e75105f1ec6e38898fa7b3aa99fa7eb7d8b0a11d57	libllvm19_1%3a19.1.7-3+b1_amd64.deb
libnspr4	2:4.36-1	amd64	321	109800	87fc2039ee89cff2b8010fa9535706b1def40031acfc52bf12197dcb3cb7b064	libnspr4_2%3a4.36-1_amd64.deb
libnss3	2:3.110-1+deb13u3	amd64	4488	1394680	9f4fb2f6bc2530529dd3e79c411566de696fae1ddeb8d585756cc92543bbcb6b	libnss3_2%3a3.110-1+deb13u3_amd64.deb
libp11-kit0	0.25.5-3	amd64	1882	425240	784bf2063e166c8bc851a32623b74ebd85c499043a9d57c5bbd64fa63447f45a	libp11-kit0_0.25.5-3_amd64.deb
libpango-1.0-0	1.56.3-1	amd64	554	226324	4fa38472696d2ddb10bfc9a4692a9446e8478fdb1f48c769a609fc9fec3adfc5	libpango-1.0-0_1.56.3-1_amd64.deb
libpciaccess0	0.17-3+b3	amd64	97	51920	d9a0091071635a84e837051e4813005ac445071731becea28fba4d9806df5252	libpciaccess0_0.17-3+b3_amd64.deb
libpixman-1-0	0.44.0-3	amd64	715	247888	3862c87596f6b4b60fc916395fd69aa10af28a875a8e5c081a8cf30ddd120bd6	libpixman-1-0_0.44.0-3_amd64.deb
libpng16-16t64	1.6.48-1+deb13u5	amd64	444	283204	2465b4e9fa85cff54dc10a6da3e64074d8d9292c86e4a8f989b809d6b158e97e	libpng16-16t64_1.6.48-1+deb13u5_amd64.deb
libsensors-config	1:3.6.2-2	all	37	16236	3056da80c7d963af795dab480ab6f6f4b154ad4ac39f522dc52d17c834fea253	libsensors-config_1%3a3.6.2-2_all.deb
libsensors5	1:3.6.2-2	amd64	100	37492	f0a994a6d7cfa695dea5343d0d1ba7eed796c0ad920c7282998b95f60049c4f6	libsensors5_1%3a3.6.2-2_amd64.deb
libsm6	2:1.2.6-1	amd64	74	37264	03038b3002e6f44322554e335d60d8ff87acfcf2e21c904b6866610a9913ee00	libsm6_2%3a1.2.6-1_amd64.deb
libtasn1-6	4.20.0-2+deb13u1	amd64	122	50112	23fec6e06583ce2bad9b2c04c9b485e90440e259b1abf8677cd80d3ce60831ad	libtasn1-6_4.20.0-2+deb13u1_amd64.deb
libthai-data	0.1.29-2	all	618	167504	fd38d40602834d510a29140bd27fd48485105e834f03dccab1c02e2edaa794dd	libthai-data_0.1.29-2_all.deb
libthai0	0.1.29-2+b1	amd64	92	49420	e6364c07aeeffe9a95f267061d9df168e48e9dc9126c3b40e19dc829f67702a7	libthai0_0.1.29-2+b1_amd64.deb
libunistring5	1.3-2	amd64	2092	476768	6dd3490bef06ea1096f32d10766b7e016cf579bfae8451d1b7df15ce05b8aa46	libunistring5_1.3-2_amd64.deb
libunwind8	1.8.1-0.1	amd64	216	56252	db21a86dd05c93413f0ef36282a9c64d32410d240f332273a53be1408bec1f62	libunwind8_1.8.1-0.1_amd64.deb
libvulkan1	1.4.309.0-1	amd64	555	130128	f47da79cd140264fe21cceb08bc87a71bc7fec05819e4a421f3f518d21101a37	libvulkan1_1.4.309.0-1_amd64.deb
libwayland-server0	1.23.1-3	amd64	112	34432	2967212bd582e0dffca443fdc44f4c660e7368d41f7ee3a7f6314e0c3abfe9ea	libwayland-server0_1.23.1-3_amd64.deb
libx11-6	2:1.8.12-1	amd64	1638	815292	b5a3fd3bf8c8fd0364bfb9bea00dcba7fc301229bd02dded084632d31f5b0fb3	libx11-6_2%3a1.8.12-1_amd64.deb
libx11-data	2:1.8.12-1	all	1576	343072	c54f87069888f80ba4da586da6147d74c7598ccdd8b90906dbc4271fa414c738	libx11-data_2%3a1.8.12-1_all.deb
libx11-xcb1	2:1.8.12-1	amd64	306	247128	e05f94d21a932fba5b09b9b13d99df776b155d3bc792c0e294451df9ffe1ba25	libx11-xcb1_2%3a1.8.12-1_amd64.deb
libxau6	1:1.0.11-1	amd64	42	20392	689a9f0e0ba3e2c65431f864871e303ee904de69dd28abfc462663fae030227f	libxau6_1%3a1.0.11-1_amd64.deb
libxaw7	2:1.0.16-1	amd64	534	211848	e79f3ab51ecbbfd3414a0568a8947ac59a29c30d631e6c7b6e07ea46e688c047	libxaw7_2%3a1.0.16-1_amd64.deb
libxcb-dri3-0	1.17.0-2+b1	amd64	137	106892	f446d42fb5fcebbb3e347368ba83616769fdb271d85b2f49048e337f3163d267	libxcb-dri3-0_1.17.0-2+b1_amd64.deb
libxcb-glx0	1.17.0-2+b1	amd64	249	122380	cc59a3fa1c4ce376c3a32798179950810bd7b9be9a35bc76de1f5b5e7cc3925e	libxcb-glx0_1.17.0-2+b1_amd64.deb
libxcb-present0	1.17.0-2+b1	amd64	128	105612	db95ea4630c55bd7f3281cb60ccf75b1627ef2f4399e1939f8f6161e584a92fb	libxcb-present0_1.17.0-2+b1_amd64.deb
libxcb-randr0	1.17.0-2+b1	amd64	197	116736	f5d9fe5fdf797918f81f0abf6cfd4270bd54659540cddb4da709ab7154523214	libxcb-randr0_1.17.0-2+b1_amd64.deb
libxcb-render0	1.17.0-2+b1	amd64	181	115100	7f6e36978e0f70a590fbad4042a692c70b50ca7cbcdc53fa7e9d9ab87933acc6	libxcb-render0_1.17.0-2+b1_amd64.deb
libxcb-shm0	1.17.0-2+b1	amd64	127	105284	d1777a813f484e89f3dcaadd1d5f2b1a13e9313b6bf70eded16d8ce743208fef	libxcb-shm0_1.17.0-2+b1_amd64.deb
libxcb-sync1	1.17.0-2+b1	amd64	150	108688	0ce4770ed1505be9ddc6473045e4662d062aff2f3077ee684265f01cfb543559	libxcb-sync1_1.17.0-2+b1_amd64.deb
libxcb-xfixes0	1.17.0-2+b1	amd64	152	109288	f9c1aafc18bf9e4662e34bbaf3bb00f1f4e8c2fc1dd786fdfb6cb9cb6c64fae7	libxcb-xfixes0_1.17.0-2+b1_amd64.deb
libxcb1	1.17.0-2+b1	amd64	301	144340	5c222a72d11b866447da31693254f738430726e3e065a384e82687b2fd2f978b	libxcb1_1.17.0-2+b1_amd64.deb
libxcomposite1	1:0.4.6-1	amd64	39	16348	20e3c1d9b2135f0c8c4246a9fd26a51a57d5850c3b36ecc173c45d6be7328af3	libxcomposite1_1%3a0.4.6-1_amd64.deb
libxdamage1	1:1.1.6-1+b2	amd64	39	15460	e51e43f23f3befbc1f9408271f4df6773d37caece9ce7e1f38abade382f7fbf7	libxdamage1_1%3a1.1.6-1+b2_amd64.deb
libxdmcp6	1:1.1.5-1	amd64	59	27756	0740dc760916b2008b45417a42a8fd7dd5de370fb57d31373f15034cda8acf0b	libxdmcp6_1%3a1.1.5-1_amd64.deb
libxext6	2:1.3.4-1+b3	amd64	129	50448	fc618ec40465e5ce48622606299cb47833efc3fb235ba15543b81f850722f443	libxext6_2%3a1.3.4-1+b3_amd64.deb
libxfixes3	1:6.0.0-2+b4	amd64	55	20228	3fdd95d86d8e9d63e11f52070935c8f9f912c36aa3b17338d969f7685f3ed4fb	libxfixes3_1%3a6.0.0-2+b4_amd64.deb
libxfont2	1:2.0.6-1+b3	amd64	252	132484	f24ea08c923d68c7ff7c16286f2e13db54ba37c542ddc500e89b52dde479bc54	libxfont2_1%3a2.0.6-1+b3_amd64.deb
libxi6	2:1.8.2-1	amd64	143	78896	093d0903f35bb7a9f6815180ee040e6951fecf9b66c128cd72f064710210606e	libxi6_2%3a1.8.2-1_amd64.deb
libxkbcommon0	1.7.0-2	amd64	317	112700	f75ee544f55acc6a271debfab3ea4ae0458afc89d81cfe1a71137e07d4895b86	libxkbcommon0_1.7.0-2_amd64.deb
libxkbfile1	1:1.1.0-1+b4	amd64	187	76516	989b61e0eb7f1f99d0e969a5957e9a857a95941d5c0e86d5e2b502008b4ac28e	libxkbfile1_1%3a1.1.0-1+b4_amd64.deb
libxml2	2.12.7+dfsg+really2.9.14-2.1+deb13u3	amd64	1916	699724	e0c6b63ce4602a036a526f60fe5e6c1586710688058d98fc1001b9b3147b7efd	libxml2_2.12.7+dfsg+really2.9.14-2.1+deb13u3_amd64.deb
libxmu6	2:1.1.3-3+b4	amd64	139	58972	cfdf1dee8f9abd87f503222fc8b04a30ce820fb1255247b7c3a28ff9c244431a	libxmu6_2%3a1.1.3-3+b4_amd64.deb
libxpm4	1:3.5.17-1+deb13u1	amd64	113	55912	d2f8933b552e7a282bbc32bc7545628195c4a3692a20ad0e232cc5fee9130790	libxpm4_1%3a3.5.17-1+deb13u1_amd64.deb
libxrandr2	2:1.5.4-1+b3	amd64	85	36312	11e3490de93a8bbee3daba719cb8e1325a26fb3c125525c34bdcb7deb05eb9b2	libxrandr2_2%3a1.5.4-1+b3_amd64.deb
libxrender1	1:0.9.12-1	amd64	72	27896	9d042dfd5e613be1e02e6ddd0c5c4adef19c5eb08f6db838c2eba672c496dca4	libxrender1_1%3a0.9.12-1_amd64.deb
libxshmfence1	1.3.3-1	amd64	36	10884	7b339e9e5b2349723d35af4df89bcc7aa456bbdf8ba1754358f9b44c3fe1f964	libxshmfence1_1.3.3-1_amd64.deb
libxt6t64	1:1.2.1-1.2+b2	amd64	490	188232	a1f4557c03113681ee24863495adc244cecec95fe3ab7256ce76e87320157300	libxt6t64_1%3a1.2.1-1.2+b2_amd64.deb
libxxf86vm1	1:1.1.4-1+b4	amd64	48	19320	f9f8487e536293e7ecf91fe7feb14e97e02a3aa652e207c661442dce775d3b14	libxxf86vm1_1%3a1.1.4-1+b4_amd64.deb
libz3-4	4.13.3-1	amd64	27142	8560036	71383373523ef62d47eccf660cf6535c3febcbb3f88e54cb7a43124014b57359	libz3-4_4.13.3-1_amd64.deb
mesa-libgallium	25.0.7-2+deb13u1	amd64	41615	9630224	3e610f29321cdcc61337c86e6b4031ff60f0c9915fe19e6a862ac06480620ff4	mesa-libgallium_25.0.7-2+deb13u1_amd64.deb
x11-common	1:7.7+24+deb13u1	all	275	216864	57a981938506b26dc552f19cafeaa8c04e9b59dc7508509151f8507a9d4e5f24	x11-common_1%3a7.7+24+deb13u1_all.deb
x11-xkb-utils	7.7+9	amd64	489	158552	745e29c79bb435d057cdbf8bb59a35fa33e818e566cb754674f44d381ccd4317	x11-xkb-utils_7.7+9_amd64.deb
xfonts-encodings	1:1.0.4-2.2	all	667	577104	56143f317d241b6dee0275aa1066df936a776810d3bb83fe58563965d9bbe3d3	xfonts-encodings_1%3a1.0.4-2.2_all.deb
xfonts-scalable	1:1.0.3-1.3	all	469	306272	0371d7944a7c972c715efa1e7635b636320508f433777ed575e5281de61f20cf	xfonts-scalable_1%3a1.0.3-1.3_all.deb
xfonts-utils	1:7.7+7	amd64	429	93340	36e77ba3fd25a42d4b807808de93eba87c0bd53981ee94d27da4cee502387f35	xfonts-utils_1%3a7.7+7_amd64.deb
xkb-data	2.42-1	all	6911	789736	196ff18533382f64e057ea49df2bb486bd4275a4cc0917361edb560b8756dada	xkb-data_2.42-1_all.deb
xserver-common	2:21.1.16-1.3+deb13u3	all	2470	2410088	dc1d37303c103b23c40cd1ea694c5c6561e0e8dc1734a73c7a0ae0ef080e7fcc	xserver-common_2%3a21.1.16-1.3+deb13u3_all.deb
xvfb	2:21.1.16-1.3+deb13u3	amd64	4525	3198040	365da2b6c93339f34337c434a9489bb6411a240fa47b9f49693d3091745f28c2	xvfb_2%3a21.1.16-1.3+deb13u3_amd64.deb
git	1:2.47.3-0+deb13u1	amd64	49154	8861572	3e35662fd5c46add561703e54031a1d8ad9df45811927689f0a51122b13be722	git_2.47.3-0+deb13u1_amd64.deb
git-man	1:2.47.3-0+deb13u1	all	2251	2204692	b58306b60e1dff920e1e18bc7e1e499f2ef75184190ab3d98657b165969bf7c9	git-man_2.47.3-0+deb13u1_all.deb
libcurl3t64-gnutls	8.14.1-2+deb13u4	amd64	997	384336	351bf3bb1c816c1d88900cbfe59dc79433f20fb962947d78313028a00f97c856	libcurl3t64-gnutls_8.14.1-2+deb13u4_amd64.deb
liberror-perl	0.17030-1	all	71	26872	06110a972bdc52f6c6d6615dddbe97f836c61d0e36c685ef4107c2eaa81f871f	liberror-perl_0.17030-1_all.deb
libgdbm-compat4t64	1.24-2	amd64	75	50280	2cbd43cf2dfbf57ff48188b5d79d29cf7ea8f0dedaa61ab0bcc02eceff50ea01	libgdbm-compat4t64_1.24-2_amd64.deb
libgdbm6t64	1.24-2	amd64	138	75176	e7b42c68c391e278733adb3c1efdacd24d660862bd7bac0efbc10a91e5696dfc	libgdbm6t64_1.24-2_amd64.deb
libldap2	2.6.10+dfsg-1	amd64	576	193576	60069e4a550ca890113fa89d3001417781b18e146ec5d637d31e368dec9909bd	libldap2_2.6.10+dfsg-1_amd64.deb
libnghttp2-14	1.64.0-1.1+deb13u1	amd64	229	76188	896cb217537c09251fb909b8541349010ac279d802d871e98c06a62a2c67ce2c	libnghttp2-14_1.64.0-1.1+deb13u1_amd64.deb
libnghttp3-9	1.8.0-1	amd64	201	67656	388e4c33b72829cbf0d098afdc8539fa5ba7458eddb077f5538fdb4d5538716b	libnghttp3-9_1.8.0-1_amd64.deb
libngtcp2-16	1.11.0-1+deb13u1	amd64	335	131904	627eec81ebbd48c4e6091f5cd9dc5070b792b7075000eed60ab08c7daa961caf	libngtcp2-16_1.11.0-1+deb13u1_amd64.deb
libngtcp2-crypto-gnutls8	1.11.0-1+deb13u1	amd64	80	29524	2a7f109c0c4db6a800e4661c5e5e34e1f1f83c8162482276183d1ada9da7c96c	libngtcp2-crypto-gnutls8_1.11.0-1+deb13u1_amd64.deb
libperl5.40	5.40.1-6	amd64	29315	4341332	f20aa427c3f56f430b7b58b73222edcb8cda40fa9c3b25365b20cd53eddd51a9	libperl5.40_5.40.1-6_amd64.deb
libpsl5t64	0.21.2-1.1+b1	amd64	100	57188	59d42bb1f9ebc0d1776fe616efb08a7a8568b05982e00f70b03c63863db768ab	libpsl5t64_0.21.2-1.1+b1_amd64.deb
librtmp1	2.4+20151223.gitfa8646d.1-2+b5	amd64	144	58840	93baa2004cbe6c8721b9e81beed078612540aef120970b4751305c51c6697368	librtmp1_2.4+20151223.gitfa8646d.1-2+b5_amd64.deb
libsasl2-2	2.1.28+dfsg1-9	amd64	156	57512	66e49d7ae026811b49a0050f18b0325960a2625ffd1ff60d91b7844a815fa9d2	libsasl2-2_2.1.28+dfsg1-9_amd64.deb
libsasl2-modules-db	2.1.28+dfsg1-9	amd64	70	19768	a5c38659fbd62c33c6d9bfa2be43e75a572d1818531aad32dd74d0a58cc4bd19	libsasl2-modules-db_2.1.28+dfsg1-9_amd64.deb
libssh2-1t64	1.11.1-1+deb13u1	amd64	441	245088	915c4ec450a369d430e0151f9e10e25044ea2f0d6e41901e00a9317e232e5683	libssh2-1t64_1.11.1-1+deb13u1_amd64.deb
perl	5.40.1-6	amd64	841	267336	11ec93d44649e9b37e3bddcf32a5f01d6e9dd3d0d79aac621b49473539c8f5b8	perl_5.40.1-6_amd64.deb
perl-modules-5.40	5.40.1-6	all	19988	3019100	dfd42c1bf0c45858488ad666b90de17f81b55e6f9c0d8ca530c27b4a66c08b0b	perl-modules-5.40_5.40.1-6_all.deb
libncursesw6	6.5+20250216-2	amd64	419	135484	47baa2e11579583654583a066b69bd5a5d2f22423081f707ed6c0c3ba6d538b7	libncursesw6_6.5+20250216-2_amd64.deb
libpython3-stdlib	3.13.5-1	amd64	28	10180	7e142ed64a81ccdd39714f213467bd365736ef341adb2be11be981f638b9175f	libpython3-stdlib_3.13.5-1_amd64.deb
libpython3.13-minimal	3.13.5-2+deb13u3	amd64	5452	863024	9be9a4e59d43ad6e237349befbd0d131e0cf79812323b5ac6427051cee7e7ca9	libpython3.13-minimal_3.13.5-2+deb13u3_amd64.deb
libpython3.13-stdlib	3.13.5-2+deb13u3	amd64	8901	1958876	f4e759dbac49db16c4f1c3601684a9211a2af3211a3f7bdc04fff263af08a5eb	libpython3.13-stdlib_3.13.5-2+deb13u3_amd64.deb
libreadline8t64	8.2-6	amd64	485	168832	eeadf2b5e755c9f183883feea2d9b5b28560284275d5f54d3e55d0923b1d0967	libreadline8t64_8.2-6_amd64.deb
media-types	13.0.0	all	98	29336	0788e4b0b72db1bcf74a19cb24c3511e7770ad0b341f0f30e361701c3072f53e	media-types_13.0.0_all.deb
netbase	6.5	all	35	12436	76bafa92947ebd37b0a6f9ec6570412041f56edebc1c66d323731216d318471e	netbase_6.5_all.deb
python3	3.13.5-1	amd64	83	28244	c1388174dc7140e6c19a6dd39f8a0dcb38a835cd66c65644e0dded43d5223cb0	python3_3.13.5-1_amd64.deb
python3-minimal	3.13.5-1	amd64	112	27248	a5d2371bebf3689f676e3f3bae800371bcc4392a8a51269e23d528249b399615	python3-minimal_3.13.5-1_amd64.deb
python3.13	3.13.5-2+deb13u3	amd64	830	757384	669335986fd641d6f6c538f558fc752a20c1d8168856f90b7e34a7615484dcd2	python3.13_3.13.5-2+deb13u3_amd64.deb
python3.13-minimal	3.13.5-2+deb13u3	amd64	6764	2224492	3bafb1bf1674a6c8fc52296e1b17b54b666400fc46f6b1d0ef4c24baebc883bb	python3.13-minimal_3.13.5-2+deb13u3_amd64.deb
readline-common	8.2-6	all	89	69360	f77e8aa0bf0de618f11cb0b21658a4ed60f177d63b3cf26d7fc3706b6d0eaaa9	readline-common_8.2-6_all.deb
